{"genome_list": {"2FA058E8CD": "/media/tbecker/data/somacx_test/2FA058E8CD.fa"}, "gs": {}, "d": 1, "out_dir": "/media/tbecker/data/somacx_test/", "tree": {"2FA058E8CD_7": [], "2FA058E8CD_6": [], "2FA058E8CD_5": [], "2FA058E8CD_4": ["2FA058E8CD_7"], "2FA058E8CD_3": [], "2FA058E8CD_2": ["2FA058E8CD_4", "2FA058E8CD_6", "2FA058E8CD_9"], "2FA058E8CD_1": ["2FA058E8CD_3"], "2FA058E8CD_0": ["2FA058E8CD_1", "2FA058E8CD_2", "2FA058E8CD_5", "2FA058E8CD_8"], "2FA058E8CD_9": [], "2FA058E8CD_8": []}, "past": [], "root_id": "2FA058E8CD_0", "m": 9, "alive": {"2FA058E8CD_7": true, "2FA058E8CD_6": true, "2FA058E8CD_5": true, "2FA058E8CD_4": true, "2FA058E8CD_3": true, "2FA058E8CD_2": true, "2FA058E8CD_1": true, "2FA058E8CD_0": true, "2FA058E8CD_9": true, "2FA058E8CD_8": true}, "n": 10.0, "vcf_list": {"2FA058E8CD": "/media/tbecker/data/somacx_test/2FA058E8CD_S0.vcf"}, "depth": {"2FA058E8CD_7": 3, "2FA058E8CD_6": 2, "2FA058E8CD_5": 1, "2FA058E8CD_4": 2, "2FA058E8CD_3": 2, "2FA058E8CD_2": 1, "2FA058E8CD_1": 1, "2FA058E8CD_0": 0, "2FA058E8CD_9": 2, "2FA058E8CD_8": 1}, "ref_path": "/home/tbecker/data/ref/human_g1k_v37_decoy.fa", "new": [], "nodes": {"2FA058E8CD_7": {"model": 0.75, "node_id": "2FA058E8CD_7", "depth": 3, "branch": 0.31640625, "decay": 0.016610466328229687}, "2FA058E8CD_6": {"model": 0.75, "node_id": "2FA058E8CD_6", "depth": 2, "branch": 0.421875, "decay": 0.011156624389900253}, "2FA058E8CD_5": {"model": 0.75, "node_id": "2FA058E8CD_5", "depth": 1, "branch": 0.5625, "decay": 0.007475000005000001}, "2FA058E8CD_4": {"model": 0.75, "node_id": "2FA058E8CD_4", "depth": 2, "branch": 0.421875, "decay": 0.011156624389900253}, "2FA058E8CD_3": {"model": 0.75, "node_id": "2FA058E8CD_3", "depth": 2, "branch": 0.421875, "decay": 0.011156624389900253}, "2FA058E8CD_2": {"model": 0.75, "node_id": "2FA058E8CD_2", "depth": 1, "branch": 0.5625, "decay": 0.007475000005000001}, "2FA058E8CD_1": {"model": 0.75, "node_id": "2FA058E8CD_1", "depth": 1, "branch": 0.5625, "decay": 0.007475000005000001}, "2FA058E8CD_0": {"model": 0.75, "node_id": "2FA058E8CD", "depth": 0, "branch": 0.75, "decay": 0.005}, "2FA058E8CD_9": {"model": 0.75, "node_id": "2FA058E8CD_9", "depth": 2, "branch": 0.421875, "decay": 0.011156624389900253}, "2FA058E8CD_8": {"model": 0.75, "node_id": "2FA058E8CD_8", "depth": 1, "branch": 0.5625, "decay": 0.007475000005000001}}, "freq": {"2FA058E8CD_7": 1, "2FA058E8CD_6": 1, "2FA058E8CD_5": 1, "2FA058E8CD_4": 2, "2FA058E8CD_3": 1, "2FA058E8CD_2": 5, "2FA058E8CD_1": 2, "2FA058E8CD_0": 10, "2FA058E8CD_9": 1, "2FA058E8CD_8": 1}, "cycle": 5}